{
 "kqfa": 0.33773079026867847,
 "kqfb": 0.5469421227593386,
 "kqd": -0.5904782303561069,
 "ksf": 0.5835000891312914,
 "ksd": -0.7807697760187184
}