{
 "kqfa": 0.3370599717739164,
 "kqfb": 0.5462953319567254,
 "kqd": -0.5876756866270778,
 "ksf": 0.5853219204643684,
 "ksd": -0.7811929408248136
}